datestamp,percentPageloadsAreTLS,countTLS,countPageloads,timeAdded
2013-10-01,28.9067,993884,3438244,2016-11-29 20:52:14
2013-10-02,28.3625,12290846,43334814,2016-11-29 20:52:14
2013-10-03,27.9924,14616923,52217426,2016-11-29 20:52:15
2013-10-04,28.0012,14248363,50884770,2016-11-29 20:52:15
2013-10-05,26.0789,11581852,44410876,2016-11-29 20:52:15
2013-10-06,25.5657,13325092,52120976,2016-11-29 20:52:15
2013-10-07,26.6278,128102972,481087138,2016-11-29 20:52:15
2013-10-08,27.6745,155128248,560545230,2016-11-29 20:52:15
2013-10-09,27.9116,156316448,560040676,2016-11-29 20:52:15
2013-10-10,27.9729,160558828,573980891,2016-11-29 20:52:15
2013-10-11,27.4615,152090127,553829388,2016-11-29 20:52:15
2013-10-12,26.3260,116088690,440966122,2016-11-29 20:52:15
2013-10-13,25.3733,113084213,445682759,2016-11-29 20:52:15
2013-10-14,26.2945,145538986,553495870,2016-11-29 20:52:15
2013-10-15,27.5174,160254062,582373309,2016-11-29 20:52:15
2013-10-16,27.9232,161384040,577956832,2016-11-29 20:52:15
2013-10-17,27.8679,161669443,580127535,2016-11-29 20:52:15
2013-10-18,27.6099,153916783,557469675,2016-11-29 20:52:15
2013-10-19,26.3510,120757635,458265707,2016-11-29 20:52:16
2013-10-20,25.1374,116281844,462584303,2016-11-29 20:52:16
2013-10-21,26.5513,155653484,586236056,2016-11-29 20:52:16
2013-10-22,27.8938,169043048,606023976,2016-11-29 20:52:16
2013-10-23,27.8197,164471174,591204166,2016-11-29 20:52:16
2013-10-24,27.6424,160954964,582275109,2016-11-29 20:52:16
2013-10-25,27.6224,154560342,559546305,2016-11-29 20:52:16
2013-10-26,26.2090,119529423,456061781,2016-11-29 20:52:16
2013-10-27,25.2809,117896302,466345218,2016-11-29 20:52:16
2013-10-28,26.5656,156880851,590541392,2016-11-29 20:52:16
2013-10-29,27.3495,144529,528452,2016-11-29 20:52:17
2013-10-30,27.8538,3046999,10939277,2016-11-29 20:52:17
2013-10-31,27.3062,12680601,46438577,2016-11-29 20:52:17
2013-11-01,26.9659,21995978,81569598,2016-11-29 20:52:17
2013-11-02,25.4809,23493256,92199361,2016-11-29 20:52:17
2013-11-03,24.2595,24943242,102818488,2016-11-29 20:52:17
2013-11-04,25.5789,33003829,129027371,2016-11-29 20:52:17
2013-11-05,26.7683,38991540,145663067,2016-11-29 20:52:17
2013-11-06,27.2401,45191022,165898929,2016-11-29 20:52:17
2013-11-07,27.5495,76586858,277996785,2016-11-29 20:52:18
2013-11-08,27.6856,88921190,321182448,2016-11-29 20:52:18
2013-11-09,25.6603,43717873,170371810,2016-11-29 20:52:18
2013-11-10,24.5016,93571950,381901857,2016-11-29 20:52:18
2013-11-11,25.7911,127628566,494854353,2016-11-29 20:52:18
2013-11-12,27.2180,111921290,411202971,2016-11-29 20:52:18
2013-11-13,27.8164,157555754,566413237,2016-11-29 20:52:18
2013-11-14,27.8047,153346769,551513861,2016-11-29 20:52:18
2013-11-15,27.7802,120899966,435201410,2016-11-29 20:52:18
2013-11-16,26.1970,118271400,451469539,2016-11-29 20:52:18
2013-11-17,25.3305,114472555,451916403,2016-11-29 20:52:18
2013-11-18,26.1357,148461437,568041603,2016-11-29 20:52:18
2013-11-19,27.6907,147998118,534467846,2016-11-29 20:52:18
2013-11-20,27.9097,165402407,592633351,2016-11-29 20:52:18
2013-11-21,28.0101,159020754,567726521,2016-11-29 20:52:18
2013-11-22,27.7342,151249692,545354992,2016-11-29 20:52:18
2013-11-23,26.3632,118942849,451169522,2016-11-29 20:52:19
2013-11-24,25.1291,116008765,461650977,2016-11-29 20:52:19
2013-11-25,26.6318,152702099,573382562,2016-11-29 20:52:19
2013-11-26,27.8291,165374625,594251119,2016-11-29 20:52:19
2013-11-27,27.5399,159261610,578293137,2016-11-29 20:52:19
2013-11-28,26.9455,146335897,543080091,2016-11-29 20:52:19
2013-11-29,27.0850,141814595,523590538,2016-11-29 20:52:19
2013-11-30,26.0901,118155868,452876756,2016-11-29 20:52:19
2013-12-01,25.4741,117618236,461717721,2016-11-29 20:52:19
2013-12-02,26.8093,156640274,584275900,2016-11-29 20:52:19
2013-12-03,28.2031,167484912,593853225,2016-11-29 20:52:19
2013-12-04,28.1331,164688336,585390123,2016-11-29 20:52:19
2013-12-05,28.4394,133455781,469264512,2016-11-29 20:52:19
2013-12-06,28.0447,151314690,539547884,2016-11-29 20:52:19
2013-12-07,26.5486,119944437,451792286,2016-11-29 20:52:19
2013-12-08,25.2228,116100999,460302457,2016-11-29 20:52:20
2013-12-09,26.5735,153551363,577835830,2016-11-29 20:52:20
2013-12-10,19.9936,148166,741067,2016-11-29 20:52:22
2013-12-11,26.7045,2781048,10414162,2016-11-29 20:52:22
2013-12-12,27.1759,12087829,44479939,2016-11-29 20:52:22
2013-12-13,27.8754,22821736,81870391,2016-11-29 20:52:22
2013-12-14,26.3833,24056096,91179269,2016-11-29 20:52:22
2013-12-15,24.4575,25530444,104386838,2016-11-29 20:52:22
2013-12-16,25.8610,34452149,133220417,2016-11-29 20:52:22
2013-12-17,27.3241,40057691,146601937,2016-11-29 20:52:22
2013-12-18,27.4786,40343873,146819037,2016-11-29 20:52:22
2013-12-19,27.6911,40931275,147813948,2016-11-29 20:52:22
2013-12-20,27.7841,41684478,150029764,2016-11-29 20:52:22
2013-12-21,26.2779,50622388,192642435,2016-11-29 20:52:22
2013-12-22,24.7915,66415718,267897383,2016-11-29 20:52:22
2013-12-23,25.2037,85887854,340774775,2016-11-29 20:52:22
2013-12-24,26.0550,92879755,356476295,2016-11-29 20:52:23
2013-12-25,25.3055,80688520,318857081,2016-11-29 20:52:23
2013-12-26,25.5302,94804205,371340981,2016-11-29 20:52:23
2013-12-27,26.1060,108864192,417007942,2016-11-29 20:52:23
2013-12-28,25.6070,98462715,384515488,2016-11-29 20:52:23
2013-12-29,24.6298,93985249,381591171,2016-11-29 20:52:23
2013-12-30,25.6010,112519954,439514592,2016-11-29 20:52:23
2013-12-31,26.4801,111175995,419847697,2016-11-29 20:52:23
2014-01-01,25.2781,94482417,373772456,2016-11-29 20:52:23
2014-01-02,26.5476,119605341,450531208,2016-11-29 20:52:23
2014-01-03,26.9468,133000487,493566247,2016-11-29 20:52:23
2014-01-04,25.8648,111126937,429644948,2016-11-29 20:52:23
2014-01-05,24.9386,106293938,426222171,2016-11-29 20:52:23
2014-01-06,26.1655,127255220,486348167,2016-11-29 20:52:23
2014-01-07,27.6444,147004466,531768775,2016-11-29 20:52:23
2014-01-08,27.9703,147485599,527293989,2016-11-29 20:52:23
2014-01-09,28.1078,147347263,524221568,2016-11-29 20:52:24
2014-01-10,28.1857,144629541,513131443,2016-11-29 20:52:24
2014-01-11,26.8497,113492423,422695489,2016-11-29 20:52:24
2014-01-12,25.5626,110135391,430845541,2016-11-29 20:52:24
2014-01-13,27.2968,145585940,533344248,2016-11-29 20:52:24
2014-01-14,28.2404,154162673,545894614,2016-11-29 20:52:24
2014-01-15,28.7848,159061818,552590080,2016-11-29 20:52:24
2014-01-16,28.5170,159983662,561011142,2016-11-29 20:52:24
2014-01-17,28.2920,149002500,526660215,2016-11-29 20:52:24
2014-01-18,27.0536,111649282,412696546,2016-11-29 20:52:24
2014-01-19,25.6262,102311028,399243089,2016-11-29 20:52:24
2014-01-20,27.0118,132852525,491832053,2016-11-29 20:52:24
2014-01-21,28.1889,145857526,517429838,2016-11-29 20:52:24
2014-01-22,28.4028,135676351,477687202,2016-11-29 20:52:24
2014-01-23,28.6675,154470370,538834308,2016-11-29 20:52:24
2014-01-24,28.8536,146602244,508089876,2016-11-29 20:52:24
2014-01-25,27.0139,117013331,433158910,2016-11-29 20:52:25
2014-01-26,25.8706,105195316,406621703,2016-11-29 20:52:25
2014-01-27,27.3804,138972759,507562860,2016-11-29 20:52:25
2014-01-28,28.5221,155995955,546929868,2016-11-29 20:52:25
2014-01-29,28.7370,142694240,496552910,2016-11-29 20:52:25
2014-01-30,28.5653,141826065,496497831,2016-11-29 20:52:25
2014-01-31,28.6060,139284608,486907562,2016-11-29 20:52:25
2014-02-01,27.4849,115656185,420799040,2016-11-29 20:52:25
2014-02-02,26.2371,103619507,394934511,2016-11-29 20:52:25
2014-02-03,27.7613,146253569,526825270,2016-11-29 20:52:25
2014-02-04,28.9999,141371681,487489559,2016-11-29 20:52:25
2014-02-05,28.9536,2271043,7843724,2016-11-29 20:52:26
2014-02-06,29.6240,11229204,37905729,2016-11-29 20:52:26
2014-02-07,28.8717,24324803,84251492,2016-11-29 20:52:26
2014-02-08,27.2816,32813164,120275779,2016-11-29 20:52:26
2014-02-09,25.5968,34092010,133188594,2016-11-29 20:52:26
2014-02-10,27.0886,46368094,171172113,2016-11-29 20:52:27
2014-02-11,28.7928,53143521,184572373,2016-11-29 20:52:27
2014-02-12,28.6373,57176935,199658855,2016-11-29 20:52:27
2014-02-13,28.7604,64225850,223313421,2016-11-29 20:52:27
2014-02-14,28.6410,57427678,200508285,2016-11-29 20:52:27
2014-02-15,26.9632,46830857,173684351,2016-11-29 20:52:27
2014-02-16,25.8585,67014319,259157940,2016-11-29 20:52:27
2014-02-17,26.6061,87394992,328477309,2016-11-29 20:52:27
2014-02-18,28.0389,119212826,425169928,2016-11-29 20:52:27
2014-02-19,28.5579,131689086,461130139,2016-11-29 20:52:27
2014-02-20,28.2942,135843776,480112188,2016-11-29 20:52:27
2014-02-21,28.4032,134639341,474028682,2016-11-29 20:52:27
2014-02-22,27.1688,105322267,387658312,2016-11-29 20:52:27
2014-02-23,26.3011,107512679,408776724,2016-11-29 20:52:27
2014-02-24,27.8163,140674715,505728322,2016-11-29 20:52:27
2014-02-25,28.8264,154423964,535703083,2016-11-29 20:52:27
2014-02-26,28.9876,155157032,535252982,2016-11-29 20:52:28
2014-02-27,29.1053,151249895,519664577,2016-11-29 20:52:28
2014-02-28,29.1334,147171538,505163510,2016-11-29 20:52:28
2014-03-01,27.8852,115542805,414350991,2016-11-29 20:52:28
2014-03-02,26.6526,113590622,426189335,2016-11-29 20:52:28
2014-03-03,28.0387,145778287,519917482,2016-11-29 20:52:28
2014-03-04,28.9571,155134741,535739202,2016-11-29 20:52:28
2014-03-05,29.6068,156231021,527686562,2016-11-29 20:52:28
2014-03-06,29.5599,157810120,533864693,2016-11-29 20:52:28
2014-03-07,29.4405,147556950,501203984,2016-11-29 20:52:28
2014-03-08,27.8087,113454671,407982958,2016-11-29 20:52:28
2014-03-09,26.7170,110445740,413391416,2016-11-29 20:52:28
2014-03-10,28.2074,146062303,517815601,2016-11-29 20:52:28
2014-03-11,29.3792,156968798,534284842,2016-11-29 20:52:28
2014-03-12,29.4933,155321576,526633574,2016-11-29 20:52:28
2014-03-13,29.5356,156336889,529316589,2016-11-29 20:52:28
2014-03-14,29.3335,147333211,502269712,2016-11-29 20:52:28
2014-03-15,28.2503,115105534,407448244,2016-11-29 20:52:29
2014-03-16,27.0419,110476592,408538813,2016-11-29 20:52:29
2014-03-17,28.1428,145993060,518757501,2016-11-29 20:52:29
2014-03-18,29.2653,156991178,536440570,2016-11-29 20:52:29
2014-03-19,28.2817,1992282,7044420,2016-11-29 20:52:30
2014-03-20,28.5077,10660315,37394523,2016-11-29 20:52:30
2014-03-21,28.3805,19185855,67602163,2016-11-29 20:52:30
2014-03-22,27.0294,20109061,74397131,2016-11-29 20:52:30
2014-03-23,25.4977,21899393,85887804,2016-11-29 20:52:30
2014-03-24,26.9338,28752869,106753955,2016-11-29 20:52:31
2014-03-25,28.3591,34944330,123220842,2016-11-29 20:52:31
2014-03-26,28.5129,36456006,127857997,2016-11-29 20:52:31
2014-03-27,28.9036,36789161,127282139,2016-11-29 20:52:31
2014-03-28,28.9021,36016781,124616617,2016-11-29 20:52:31
2014-03-29,28.0171,31654913,112984402,2016-11-29 20:52:31
2014-03-30,26.9823,46739707,173223424,2016-11-29 20:52:31
2014-03-31,28.2823,76709939,271229833,2016-11-29 20:52:31
2014-04-01,30.1535,105472212,349784855,2016-11-29 20:52:31
2014-04-02,30.9153,123171917,398417811,2016-11-29 20:52:31
2014-04-03,30.9269,130173617,420907030,2016-11-29 20:52:31
2014-04-04,30.7115,129581897,421933378,2016-11-29 20:52:31
2014-04-05,29.2946,104966946,358315605,2016-11-29 20:52:31
2014-04-06,28.0444,102997370,367265150,2016-11-29 20:52:31
2014-04-07,29.5268,137662606,466229573,2016-11-29 20:52:31
2014-04-08,30.4225,148611347,488491951,2016-11-29 20:52:31
2014-04-09,30.5897,148258830,484668403,2016-11-29 20:52:32
2014-04-10,30.7743,149194478,484802524,2016-11-29 20:52:32
2014-04-11,26.4181,2537554,9605360,2016-11-29 20:52:32
2014-04-12,26.5833,3033405,11410945,2016-11-29 20:52:32
2014-04-13,28.3114,102652096,362582835,2016-11-29 20:52:32
2014-04-14,29.7683,142283463,477969525,2016-11-29 20:52:32
2014-04-15,31.0999,151494888,487122687,2016-11-29 20:52:32
2014-04-16,31.0100,147917277,476998062,2016-11-29 20:52:32
2014-04-17,30.9454,139204782,449840139,2016-11-29 20:52:32
2014-04-18,29.7864,120497355,404538296,2016-11-29 20:52:32
2014-04-19,29.0659,104421418,359257803,2016-11-29 20:52:32
2014-04-20,27.8761,98263868,352502070,2016-11-29 20:52:32
2014-04-21,28.6395,125011837,436501975,2016-11-29 20:52:32
2014-04-22,31.0796,155213457,499406622,2016-11-29 20:52:32
2014-04-23,31.2070,155049849,496843063,2016-11-29 20:52:32
2014-04-24,31.7181,150936535,475869453,2016-11-29 20:52:32
2014-04-25,31.4675,140678345,447058524,2016-11-29 20:52:33
2014-04-26,30.1374,112795096,374268889,2016-11-29 20:52:33
2014-04-27,29.1407,110770785,380124149,2016-11-29 20:52:33
2014-04-28,30.7381,150449621,489456440,2016-11-29 20:52:33
2014-04-29,33.6566,598568,1778456,2016-11-29 20:52:34
2014-04-30,33.1541,5105124,15398187,2016-11-29 20:52:34
2014-05-01,32.1161,11067599,34461202,2016-11-29 20:52:34
2014-05-02,31.3845,16643810,53031925,2016-11-29 20:52:34
2014-05-03,30.0035,19559905,65192008,2016-11-29 20:52:34
2014-05-04,28.5995,23024282,80505892,2016-11-29 20:52:35
2014-05-05,29.4463,30007366,101905296,2016-11-29 20:52:35
2014-05-06,30.8276,35457775,115019573,2016-11-29 20:52:35
2014-05-07,30.9673,37258063,120314330,2016-11-29 20:52:35
2014-05-08,31.4956,39317878,124836081,2016-11-29 20:52:35
2014-05-09,31.1498,38181539,122573770,2016-11-29 20:52:35
2014-05-10,29.9901,35901206,119710207,2016-11-29 20:52:35
2014-05-11,28.7636,50911367,176999208,2016-11-29 20:52:35
2014-05-12,29.1913,78485259,268865441,2016-11-29 20:52:35
2014-05-13,31.1773,100130689,321165343,2016-11-29 20:52:35
2014-05-14,31.6612,116265180,367216599,2016-11-29 20:52:35
2014-05-15,29.6294,121515673,410118473,2016-11-29 20:52:35
2014-05-16,31.8533,121429842,381216252,2016-11-29 20:52:35
2014-05-17,30.0791,93712419,311553426,2016-11-29 20:52:35
2014-05-18,29.0242,92863777,319952400,2016-11-29 20:52:35
2014-05-19,30.9197,127069485,410965793,2016-11-29 20:52:35
2014-05-20,31.9623,140798485,440514260,2016-11-29 20:52:35
2014-05-21,32.0969,138000776,429950209,2016-11-29 20:52:36
2014-05-22,32.2291,137705200,427269124,2016-11-29 20:52:36
2014-05-23,31.7445,130453194,410947965,2016-11-29 20:52:36
2014-05-24,30.3362,100434264,331071011,2016-11-29 20:52:36
2014-05-25,28.8487,96131268,333225964,2016-11-29 20:52:36
2014-05-26,30.3267,30855904,101744860,2016-11-29 20:52:36
2014-05-28,31.8514,83809482,263126470,2016-11-29 20:52:36
2014-05-29,31.9544,136014536,425652174,2016-11-29 20:52:36
2014-05-30,31.8256,133140533,418344362,2016-11-29 20:52:36
2014-05-31,30.5553,103500391,338731707,2016-11-29 20:52:36
2014-06-01,29.7223,101649219,341996381,2016-11-29 20:52:36
2014-06-02,31.0590,137409861,442415590,2016-11-29 20:52:36
2014-06-03,32.4501,148740972,458368536,2016-11-29 20:52:36
2014-06-04,32.5480,145303556,446428743,2016-11-29 20:52:36
2014-06-05,32.1931,142810858,443607044,2016-11-29 20:52:36
2014-06-06,32.3498,135422007,418617227,2016-11-29 20:52:37
2014-06-07,30.8659,100304749,324969004,2016-11-29 20:52:37
2014-06-08,29.5930,96707419,326791113,2016-11-29 20:52:37
2014-06-09,31.0631,131200245,422367017,2016-11-29 20:52:37
2014-06-10,32.0348,144642372,451516590,2016-11-29 20:52:37
2014-06-11,33.0444,3256146,9853848,2016-11-29 20:52:38
2014-06-12,32.0229,15549652,48557871,2016-11-29 20:52:38
2014-06-13,31.5981,25895201,81951879,2016-11-29 20:52:39
2014-06-14,29.5130,23420563,79356726,2016-11-29 20:52:39
2014-06-15,28.2917,24993212,88341205,2016-11-29 20:52:39
2014-06-16,29.6951,33936595,114283363,2016-11-29 20:52:39
2014-06-17,31.2322,40073691,128308735,2016-11-29 20:52:39
2014-06-18,31.0187,42453973,136865899,2016-11-29 20:52:39
2014-06-19,31.4220,59945150,190774345,2016-11-29 20:52:39
2014-06-20,31.2445,79800522,255406420,2016-11-29 20:52:39
2014-06-21,30.1289,68273840,226605589,2016-11-29 20:52:39
2014-06-22,28.7622,71610521,248974245,2016-11-29 20:52:39
2014-06-23,30.1824,100193713,331960652,2016-11-29 20:52:39
2014-06-24,31.6704,115433866,364484655,2016-11-29 20:52:39
2014-06-25,31.6906,119139128,375944465,2016-11-29 20:52:39
2014-06-26,31.7107,119629386,377252379,2016-11-29 20:52:39
2014-06-27,31.8018,114439177,359851708,2016-11-29 20:52:39
2014-06-28,30.1550,88445679,293303411,2016-11-29 20:52:39
2014-06-29,29.1427,88115166,302357351,2016-11-29 20:52:40
2014-06-30,30.9393,122680964,396521409,2016-11-29 20:52:40
2014-07-01,31.9808,128939586,403178271,2016-11-29 20:52:40
2014-07-02,32.4297,126369963,389673128,2016-11-29 20:52:40
2014-07-03,32.5367,126311792,388213674,2016-11-29 20:52:40
2014-07-04,31.4825,111974993,355674299,2016-11-29 20:52:40
2014-07-05,30.2886,90208821,297831261,2016-11-29 20:52:40
2014-07-06,29.0789,88080806,302902436,2016-11-29 20:52:40
2014-07-07,31.3772,123380271,393216758,2016-11-29 20:52:40
2014-07-08,32.2227,134159767,416352359,2016-11-29 20:52:40
2014-07-09,32.1905,129694565,402897311,2016-11-29 20:52:40
2014-07-10,32.0286,130660593,407950324,2016-11-29 20:52:40
2014-07-11,31.9389,121273402,379704304,2016-11-29 20:52:40
2014-07-12,30.3997,91763589,301857044,2016-11-29 20:52:40
2014-07-13,29.6298,89492509,302035100,2016-11-29 20:52:40
2014-07-14,31.1440,120125381,385710113,2016-11-29 20:52:40
2014-07-15,32.0059,130423380,407498414,2016-11-29 20:52:41
2014-07-16,32.2882,126467639,391683297,2016-11-29 20:52:41
2014-07-17,32.3840,122898631,379504735,2016-11-29 20:52:41
2014-07-18,32.1115,118379674,368651478,2016-11-29 20:52:41
2014-07-19,30.6973,90787628,295750816,2016-11-29 20:52:41
2014-07-20,29.6082,89312756,301648658,2016-11-29 20:52:41
2014-07-21,31.3236,121382913,387513142,2016-11-29 20:52:41
2014-07-22,31.8076,130501995,410285011,2016-11-29 20:52:41
2014-07-23,33.9644,3425670,10086064,2016-11-29 20:52:42
2014-07-24,32.4215,15788660,48698111,2016-11-29 20:52:42
2014-07-25,31.8872,25428351,79744617,2016-11-29 20:52:42
2014-07-26,30.3017,22632579,74690676,2016-11-29 20:52:42
2014-07-27,28.7278,22358092,77827485,2016-11-29 20:52:42
2014-07-28,29.8793,32154123,107613492,2016-11-29 20:52:42
2014-07-29,31.5607,37126811,117636270,2016-11-29 20:52:42
2014-07-30,31.9127,41568483,130256765,2016-11-29 20:52:42
2014-07-31,32.3311,61047809,188820446,2016-11-29 20:52:42
2014-08-01,32.8549,81252943,247308128,2016-11-29 20:52:42
2014-08-02,31.6043,68349235,216265293,2016-11-29 20:52:42
2014-08-03,30.5189,70627158,231420876,2016-11-29 20:52:42
2014-08-04,31.7321,95503552,300968464,2016-11-29 20:52:43
2014-08-05,33.4672,111646514,333599905,2016-11-29 20:52:43
2014-08-06,33.6277,114528806,340578661,2016-11-29 20:52:43
2014-08-07,33.5943,115101570,342622590,2016-11-29 20:52:43
2014-08-08,33.3718,110909931,332346053,2016-11-29 20:52:43
2014-08-09,31.8228,85798334,269613045,2016-11-29 20:52:43
2014-08-10,30.9666,85996447,277707326,2016-11-29 20:52:43
2014-08-11,32.3777,116148845,358730805,2016-11-29 20:52:43
2014-08-12,33.4285,122841960,367477019,2016-11-29 20:52:43
2014-08-13,33.5697,123117047,366750666,2016-11-29 20:52:43
2014-08-14,33.6065,122572355,364727784,2016-11-29 20:52:43
2014-08-15,33.0775,110721291,334732827,2016-11-29 20:52:43
2014-08-16,31.6965,90669867,286056582,2016-11-29 20:52:43
2014-08-17,30.9849,89602218,289180332,2016-11-29 20:52:43
2014-08-18,32.2113,119041831,369565627,2016-11-29 20:52:43
2014-08-19,33.3740,129384954,387681867,2016-11-29 20:52:43
2014-08-20,33.6485,127553510,379076677,2016-11-29 20:52:44
2014-08-21,33.5115,124898528,372703424,2016-11-29 20:52:44
2014-08-22,33.2575,120861480,363411642,2016-11-29 20:52:44
2014-08-23,31.8892,93545745,293345784,2016-11-29 20:52:44
2014-08-24,30.9373,93365927,301790985,2016-11-29 20:52:44
2014-08-25,32.4381,125238051,386083431,2016-11-29 20:52:44
2014-08-26,33.3400,134274037,402742130,2016-11-29 20:52:44
2014-08-27,33.7616,131961910,390863646,2016-11-29 20:52:44
2014-08-28,33.6553,132381974,393346559,2016-11-29 20:52:44
2014-08-29,33.1308,126316600,381266168,2016-11-29 20:52:44
2014-08-30,32.0141,93932988,293411077,2016-11-29 20:52:44
2014-08-31,30.9558,95207209,307558832,2016-11-29 20:52:44
2014-09-01,31.9098,122240810,383082762,2016-11-29 20:52:44
2014-09-02,33.6716,137324786,407835330,2016-11-29 20:52:44
2014-09-03,33.3212,3471944,10419636,2016-11-29 20:52:57
2014-09-04,32.3785,12765091,39424634,2016-11-29 20:52:57
2014-09-05,33.0287,23209386,70270387,2016-11-29 20:52:57
2014-09-06,31.5862,21811336,69053266,2016-11-29 20:52:57
2014-09-07,30.2413,22822657,75468591,2016-11-29 20:52:57
2014-09-08,31.9195,31382868,98318769,2016-11-29 20:52:57
2014-09-09,32.9109,35447464,107707385,2016-11-29 20:52:57
2014-09-10,33.2348,36372035,109439501,2016-11-29 20:52:57
2014-09-11,32.3061,36897647,114212606,2016-11-29 20:52:57
2014-09-12,32.7429,37657116,115008350,2016-11-29 20:52:57
2014-09-13,30.7959,31752931,103107803,2016-11-29 20:52:57
2014-09-14,29.4859,44278387,150167773,2016-11-29 20:52:57
2014-09-15,30.2296,68751572,227431362,2016-11-29 20:52:57
2014-09-16,32.2105,85467396,265340273,2016-11-29 20:52:57
2014-09-17,32.8400,98790858,300824723,2016-11-29 20:52:57
2014-09-18,32.6422,104887549,321325292,2016-11-29 20:52:58
2014-09-19,32.9112,105763910,321361400,2016-11-29 20:52:58
2014-09-20,31.3444,83258509,265625199,2016-11-29 20:52:58
2014-09-21,29.9184,85254722,284957866,2016-11-29 20:52:58
2014-09-22,31.5722,116342332,368495812,2016-11-29 20:52:58
2014-09-23,32.7491,123037049,375696336,2016-11-29 20:52:58
2014-09-24,32.7853,122612214,373985048,2016-11-29 20:52:58
2014-09-25,32.9473,124147764,376807434,2016-11-29 20:52:58
2014-09-26,32.7496,117439369,358597566,2016-11-29 20:52:58
2014-09-27,31.0466,91749020,295520078,2016-11-29 20:52:58
2014-09-28,29.9459,89503317,298883148,2016-11-29 20:52:58
2014-09-29,31.8965,122109837,382831401,2016-11-29 20:52:58
2014-09-30,34.8939,140469100,402560778,2016-11-29 20:52:58
2014-10-01,33.7075,129765692,384975363,2016-11-29 20:52:58
2014-10-02,33.8200,126251305,373303853,2016-11-29 20:52:58
2014-10-03,33.2876,117377239,352615259,2016-11-29 20:52:58
2014-10-04,31.5518,91313153,289406954,2016-11-29 20:52:59
2014-10-05,30.2716,90440633,298764085,2016-11-29 20:52:59
2014-10-06,32.3204,122702833,379644788,2016-11-29 20:52:59
2014-10-07,33.3394,132965094,398822677,2016-11-29 20:52:59
2014-10-08,33.3478,130087422,390093096,2016-11-29 20:52:59
2014-10-09,33.3011,127877057,384003003,2016-11-29 20:52:59
2014-10-10,32.9332,121424837,368700074,2016-11-29 20:52:59
2014-10-11,31.0486,93035810,299645828,2016-11-29 20:52:59
2014-10-12,29.9642,90721419,302766344,2016-11-29 20:52:59
2014-10-13,31.7138,122066980,384901789,2016-11-29 20:52:59
2014-10-14,32.6454,134061026,410658521,2016-11-29 20:52:59
2014-10-15,34.3853,2784084,8096736,2016-11-29 20:53:02
2014-10-16,33.6506,13747604,40853940,2016-11-29 20:53:02
2014-10-17,32.9829,22741106,68948203,2016-11-29 20:53:02
2014-10-18,31.1641,20154305,64671494,2016-11-29 20:53:02
2014-10-19,29.4667,20808729,70617709,2016-11-29 20:53:02
2014-10-20,31.0610,28855662,92900095,2016-11-29 20:53:02
2014-10-21,32.2578,33087282,102571316,2016-11-29 20:53:02
2014-10-22,32.2375,33708081,104561726,2016-11-29 20:53:02
2014-10-23,32.0746,33621514,104822826,2016-11-29 20:53:02
2014-10-24,31.8587,32778870,102888213,2016-11-29 20:53:02
2014-10-25,30.9294,26059160,84253722,2016-11-29 20:53:02
2014-10-26,30.0049,26220098,87386035,2016-11-29 20:53:02
2014-10-27,31.3152,34805583,111145975,2016-11-29 20:53:02
2014-10-28,32.6667,37796579,115703667,2016-11-29 20:53:02
2014-10-29,33.0850,38083630,115108318,2016-11-29 20:53:03
2014-10-30,33.4736,40139763,119914605,2016-11-29 20:53:03
2014-10-31,32.4605,44125126,135934993,2016-11-29 20:53:03
2014-11-01,31.2167,42849882,137265967,2016-11-29 20:53:03
2014-11-02,29.7831,48015115,161216181,2016-11-29 20:53:03
2014-11-03,31.4115,65071745,207158669,2016-11-29 20:53:03
2014-11-04,33.1857,76264793,229811926,2016-11-29 20:53:03
2014-11-05,33.4913,77243703,230638224,2016-11-29 20:53:03
2014-11-06,33.8455,77623192,229345648,2016-11-29 20:53:03
2014-11-07,33.1555,77001655,232243915,2016-11-29 20:53:03
2014-11-08,31.3437,61293940,195554487,2016-11-29 20:53:03
2014-11-09,29.8475,64703085,216779075,2016-11-29 20:53:03
2014-11-10,31.9422,91504333,286468327,2016-11-29 20:53:03
2014-11-11,33.5777,103064973,306944690,2016-11-29 20:53:03
2014-11-12,34.5571,110905816,320935322,2016-11-29 20:53:03
2014-11-13,34.0935,109422633,320948403,2016-11-29 20:53:03
2014-11-14,33.6706,102040732,303055863,2016-11-29 20:53:03
2014-11-15,31.5463,77640570,246116042,2016-11-29 20:53:04
2014-11-16,30.5663,77070740,252143194,2016-11-29 20:53:04
2014-11-17,32.2643,104276306,323193765,2016-11-29 20:53:04
2014-11-18,33.5928,115037137,342446068,2016-11-29 20:53:04
2014-11-19,33.5023,113686525,339339510,2016-11-29 20:53:04
2014-11-20,33.4770,112739295,336766654,2016-11-29 20:53:04
2014-11-21,33.5956,104460131,310933834,2016-11-29 20:53:04
2014-11-22,32.1824,81115216,252048116,2016-11-29 20:53:04
2014-11-23,30.2713,77536420,256138786,2016-11-29 20:53:04
2014-11-24,32.0846,105152118,327734428,2016-11-29 20:53:04
2014-11-25,33.2995,114439909,343668044,2016-11-29 20:53:04
2014-11-26,32.1783,110565973,343604334,2016-11-29 20:53:04
2014-11-27,32.7201,101135899,309094304,2016-11-29 20:53:04
2014-11-28,33.0618,100634316,304382198,2016-11-29 20:53:04
2014-11-29,31.2155,80925459,259247811,2016-11-29 20:53:04
2014-11-30,30.5651,80973424,264921349,2016-11-29 20:53:04
2014-12-01,32.6511,112052721,343182202,2016-11-29 20:53:05
2014-12-02,33.3374,1795904,5387054,2016-11-29 20:53:07
2014-12-03,32.2701,9144206,28336493,2016-11-29 20:53:07
2014-12-04,32.1957,16779541,52117400,2016-11-29 20:53:07
2014-12-05,32.0782,19111107,59576548,2016-11-29 20:53:07
2014-12-06,30.2988,16173478,53379940,2016-11-29 20:53:07
2014-12-07,30.3649,17664049,58172565,2016-11-29 20:53:07
2014-12-08,30.7982,23717612,77009634,2016-11-29 20:53:08
2014-12-09,32.9134,28936745,87917707,2016-11-29 20:53:08
2014-12-10,34.7844,47377838,136204121,2016-11-29 20:53:08
2014-12-11,35.1379,75702972,215445598,2016-11-29 20:53:08
2014-12-12,34.7733,85694499,246437797,2016-11-29 20:53:08
2014-12-13,33.0797,70665546,213622106,2016-11-29 20:53:08
2014-12-14,31.8768,71868857,225458461,2016-11-29 20:53:08
2014-12-15,33.8439,101230311,299109215,2016-11-29 20:53:08
2014-12-16,35.0736,113104123,322476723,2016-11-29 20:53:08
2014-12-17,35.0414,111285358,317582859,2016-11-29 20:53:08
2014-12-18,34.5840,108318270,313203031,2016-11-29 20:53:08
2014-12-19,33.7574,99984682,296186192,2016-11-29 20:53:08
2014-12-20,32.0894,77782187,242392065,2016-11-29 20:53:08
2014-12-21,30.8159,74097605,240452288,2016-11-29 20:53:08
2014-12-22,32.0689,96349743,300445970,2016-11-29 20:53:08
2014-12-23,32.8543,98524370,299882870,2016-11-29 20:53:08
2014-12-24,32.3164,83346572,257908068,2016-11-29 20:53:09
2014-12-25,30.5895,65759243,214972946,2016-11-29 20:53:09
2014-12-26,30.9607,74964781,242128441,2016-11-29 20:53:09
2014-12-27,30.4281,71499095,234976867,2016-11-29 20:53:09
2014-12-28,29.8837,72995945,244266741,2016-11-29 20:53:09
2014-12-29,31.2760,93710911,299625661,2016-11-29 20:53:09
2014-12-30,32.2937,97972789,303380204,2016-11-29 20:53:09
2014-12-31,31.9266,84522987,264741988,2016-11-29 20:53:09
2015-01-01,31.1326,70501610,226456115,2016-11-29 20:53:09
2015-01-02,31.4897,84809689,269324876,2016-11-29 20:53:09
2015-01-03,30.6663,81221337,264855012,2016-11-29 20:53:09
2015-01-04,29.7923,79503110,266858215,2016-11-29 20:53:09
2015-01-05,31.6795,103839857,327783006,2016-11-29 20:53:09
2015-01-06,33.1011,108698278,328383141,2016-11-29 20:53:09
2015-01-07,33.2780,111659252,335534588,2016-11-29 20:53:09
2015-01-08,33.2215,109801432,330513298,2016-11-29 20:53:09
2015-01-09,33.5641,107308829,319713225,2016-11-29 20:53:10
2015-01-10,31.5869,83607023,264688896,2016-11-29 20:53:10
2015-01-11,30.5793,81106596,265233826,2016-11-29 20:53:10
2015-01-12,32.7772,108856939,332111696,2016-11-29 20:53:10
2015-01-13,33.7156,116886007,346682227,2016-11-29 20:53:10
2015-01-14,34.9434,2656066,7601053,2016-11-29 20:53:12
2015-01-15,33.4333,13731353,41070917,2016-11-29 20:53:12
2015-01-16,33.6364,27831360,82741850,2016-11-29 20:53:12
2015-01-17,31.3397,27267091,87004836,2016-11-29 20:53:12
2015-01-18,29.7742,36376822,122175850,2016-11-29 20:53:12
2015-01-19,30.7774,56966732,185092450,2016-11-29 20:53:13
2015-01-20,32.4259,74138934,228641035,2016-11-29 20:53:13
2015-01-21,33.4892,86544132,258423742,2016-11-29 20:53:13
2015-01-22,33.5287,91577951,273132808,2016-11-29 20:53:13
2015-01-23,33.5946,91585449,272619832,2016-11-29 20:53:13
2015-01-24,31.8105,71324985,224218170,2016-11-29 20:53:13
2015-01-25,30.8544,70549506,228652731,2016-11-29 20:53:13
2015-01-26,32.2311,96594737,299694222,2016-11-29 20:53:13
2015-01-27,33.6401,108000695,321047421,2016-11-29 20:53:13
2015-01-28,33.8300,106112859,313664842,2016-11-29 20:53:13
2015-01-29,33.8034,110031779,325504721,2016-11-29 20:53:13
2015-01-30,33.9715,103052241,303348697,2016-11-29 20:53:13
2015-01-31,32.4871,80510737,247823614,2016-11-29 20:53:13
2015-02-01,31.3746,78009046,248637418,2016-11-29 20:53:13
2015-02-02,33.3235,104682473,314140020,2016-11-29 20:53:13
2015-02-03,34.6475,112420449,324468806,2016-11-29 20:53:13
2015-02-04,34.6803,109616263,316076240,2016-11-29 20:53:13
2015-02-05,34.7084,106747880,307556354,2016-11-29 20:53:14
2015-02-06,34.0128,103681894,304832317,2016-11-29 20:53:14
2015-02-07,32.2920,79599055,246497707,2016-11-29 20:53:14
2015-02-08,31.3224,77959129,248892917,2016-11-29 20:53:14
2015-02-09,32.7202,104593970,319662026,2016-11-29 20:53:14
2015-02-10,34.6534,102091111,294606475,2016-11-29 20:53:14
2015-02-11,34.7488,94331425,271466439,2016-11-29 20:53:14
2015-02-12,33.0885,81602417,246618364,2016-11-29 20:53:14
2015-02-13,34.7536,75434654,217055861,2016-11-29 20:53:14
2015-02-14,32.9802,79233341,240244980,2016-11-29 20:53:14
2015-02-15,31.8030,75782697,238288079,2016-11-29 20:53:14
2015-02-16,33.0041,98188559,297504090,2016-11-29 20:53:14
2015-02-17,34.2261,105000387,306784743,2016-11-29 20:53:14
2015-02-18,35.0709,109419358,311994425,2016-11-29 20:53:14
2015-02-19,34.6248,104813726,302712834,2016-11-29 20:53:14
2015-02-20,34.9670,103109773,294877672,2016-11-29 20:53:14
2015-02-21,32.8279,78839804,240161232,2016-11-29 20:53:15
2015-02-22,31.3423,76685735,244672029,2016-11-29 20:53:15
2015-02-23,33.0918,103164048,311750649,2016-11-29 20:53:15
2015-02-24,34.2463,112017152,327092657,2016-11-29 20:53:15
2015-02-25,35.5655,2324736,6536490,2016-11-29 20:53:17
2015-02-26,35.8512,12605517,35160690,2016-11-29 20:53:17
2015-02-27,34.8915,25916675,74277916,2016-11-29 20:53:17
2015-02-28,32.8419,28207849,85889719,2016-11-29 20:53:17
2015-03-01,31.8978,32270970,101169851,2016-11-29 20:53:17
2015-03-02,32.7842,45269692,138083954,2016-11-29 20:53:17
2015-03-03,34.1460,54413288,159354907,2016-11-29 20:53:17
2015-03-04,34.2230,54767655,160031762,2016-11-29 20:53:17
2015-03-05,34.8835,55356921,158690763,2016-11-29 20:53:17
2015-03-06,34.7618,55529826,159743800,2016-11-29 20:53:17
2015-03-07,32.8170,47313827,144174623,2016-11-29 20:53:17
2015-03-08,31.6457,53315857,168477282,2016-11-29 20:53:17
2015-03-09,33.0619,74270831,224642070,2016-11-29 20:53:17
2015-03-10,35.0706,88597093,252624634,2016-11-29 20:53:17
2015-03-11,34.9134,89958285,257661548,2016-11-29 20:53:17
2015-03-12,35.0644,91642834,261355932,2016-11-29 20:53:17
2015-03-13,35.1763,88051296,250314235,2016-11-29 20:53:18
2015-03-14,33.6928,68557295,203477294,2016-11-29 20:53:18
2015-03-15,32.6085,68786609,210946710,2016-11-29 20:53:18
2015-03-16,33.9915,92359380,271712935,2016-11-29 20:53:18
2015-03-17,35.5314,99814313,280918318,2016-11-29 20:53:18
2015-03-18,34.2555,101865933,297370681,2016-11-29 20:53:18
2015-03-19,35.6719,97042403,272041843,2016-11-29 20:53:18
2015-03-20,35.5528,95340146,268164626,2016-11-29 20:53:18
2015-03-21,33.6378,71972077,213961733,2016-11-29 20:53:18
2015-03-22,32.5442,71513522,219742516,2016-11-29 20:53:18
2015-03-23,35.3437,107721812,304783993,2016-11-29 20:53:18
2015-03-24,35.7374,104789777,293221395,2016-11-29 20:53:18
2015-03-25,35.7544,102969368,287990918,2016-11-29 20:53:18
2015-03-26,36.0091,101357196,281476752,2016-11-29 20:53:18
2015-03-27,35.6739,94736994,265563981,2016-11-29 20:53:18
2015-03-28,33.6463,71420933,212269987,2016-11-29 20:53:18
2015-03-29,33.1738,69425425,209277644,2016-11-29 20:53:19
2015-03-30,34.6638,97378064,280921422,2016-11-29 20:53:19
2015-03-31,35.3712,103054957,291352435,2016-11-29 20:53:19
2015-04-01,37.3642,1607132,4301259,2016-11-29 20:53:22
2015-04-02,35.7087,6372497,17845798,2016-11-29 20:53:22
2015-04-03,34.9128,7866900,22533026,2016-11-29 20:53:22
2015-04-04,32.8352,8895271,27090686,2016-11-29 20:53:22
2015-04-05,31.9534,13431417,42034455,2016-11-29 20:53:22
2015-04-06,32.4326,22833675,70403499,2016-11-29 20:53:22
2015-04-07,33.8962,34216234,100944262,2016-11-29 20:53:22
2015-04-08,35.0703,45490245,129711677,2016-11-29 20:53:22
2015-04-09,35.9822,59254970,164678537,2016-11-29 20:53:22
2015-04-10,36.1374,69471513,192242756,2016-11-29 20:53:22
2015-04-11,34.4854,46858608,135879534,2016-11-29 20:53:22
2015-04-12,32.5296,56319396,173132983,2016-11-29 20:53:22
2015-04-13,34.8956,77848605,223089772,2016-11-29 20:53:22
2015-04-14,36.2895,86893858,239446062,2016-11-29 20:53:23
2015-04-15,36.1769,89302498,246849733,2016-11-29 20:53:23
2015-04-16,36.6534,91315513,249132146,2016-11-29 20:53:23
2015-04-17,36.5900,87504016,239147098,2016-11-29 20:53:23
2015-04-18,34.2688,64820582,189153540,2016-11-29 20:53:23
2015-04-19,32.9864,64274631,194851941,2016-11-29 20:53:23
2015-04-20,35.1003,76886418,219047441,2016-11-29 20:53:23
2015-04-21,36.2990,76203091,209931607,2016-11-29 20:53:23
2015-04-22,35.5485,52816313,148575319,2016-11-29 20:53:23
2015-04-23,35.7209,48643038,136175207,2016-11-29 20:53:23
2015-04-24,35.6812,89584390,251068817,2016-11-29 20:53:23
2015-04-25,34.6253,47986276,138587389,2016-11-29 20:53:23
2015-04-26,33.1755,66857676,201527379,2016-11-29 20:53:23
2015-04-27,35.6889,25741962,72128806,2016-11-29 20:53:23
2015-04-29,36.6058,96188535,262768549,2016-11-29 20:53:23
2015-04-30,36.8464,62337583,169182516,2016-11-29 20:53:23
2015-05-01,35.9546,74916974,208365218,2016-11-29 20:53:24
2015-05-02,34.6724,68578310,197789169,2016-11-29 20:53:24
2015-05-03,33.6161,67180579,199846500,2016-11-29 20:53:24
2015-05-04,35.5414,86621265,243719216,2016-11-29 20:53:24
2015-05-05,37.6932,22214598,58935306,2016-11-29 20:53:24
2015-05-06,36.5789,85387833,233434812,2016-11-29 20:53:24
2015-05-07,36.3625,32373217,89029121,2016-11-29 20:53:24
2015-05-09,35.1622,7324545,20830729,2016-11-29 20:53:24
2015-05-10,30.3036,13140360,43362400,2016-11-29 20:53:24
2015-05-11,35.3998,54446079,153803324,2016-11-29 20:53:24
2015-05-12,33.8081,1766459,5224955,2016-11-29 20:53:24
2015-05-13,37.4083,996390,2663551,2016-11-29 20:53:26
2015-05-14,40.3056,1831974,4545214,2016-11-29 20:53:26
2015-05-15,36.8098,7317795,19879999,2016-11-29 20:53:26
2015-05-16,34.3178,2621376,7638521,2016-11-29 20:53:26
2015-05-17,32.7278,17215966,52603469,2016-11-29 20:53:26
2015-05-18,33.9228,10950774,32281473,2016-11-29 20:53:26
2015-05-19,35.6325,30910089,86746909,2016-11-29 20:53:26
2015-05-20,36.1377,39751339,109999511,2016-11-29 20:53:26
2015-05-21,36.5883,28578222,78107477,2016-11-29 20:53:26
2015-05-22,35.8454,47034361,131214568,2016-11-29 20:53:26
2015-05-23,34.5718,17216363,49798868,2016-11-29 20:53:27
2015-05-24,32.5071,46616433,143403782,2016-11-29 20:53:27
2015-05-25,33.6473,5864402,17429065,2016-11-29 20:53:27
2015-05-26,35.2769,76271489,216208196,2016-11-29 20:53:27
2015-05-27,36.5992,71819136,196231290,2016-11-29 20:53:27
2015-05-28,36.4369,73681468,202216364,2016-11-29 20:53:27
2015-05-29,36.5993,36112753,98670563,2016-11-29 20:53:27
2015-05-30,34.2425,53805484,157130592,2016-11-29 20:53:27
2015-05-31,33.3275,23606142,70830736,2016-11-29 20:53:27
2015-06-01,35.0307,49457863,141184281,2016-11-29 20:53:27
2015-06-02,35.3709,7634813,21585033,2016-11-29 20:53:27
2015-06-03,37.0449,66330932,179055569,2016-11-29 20:53:27
2015-06-04,36.7334,19003131,51732525,2016-11-29 20:53:27
2015-06-05,34.1956,1651205,4828713,2016-11-29 20:53:27
2015-06-06,33.6795,47615926,141379743,2016-11-29 20:53:27
2015-06-07,33.5077,18745954,55945291,2016-11-29 20:53:27
2015-06-08,35.5285,10661299,30007705,2016-11-29 20:53:28
2015-06-09,36.4525,31661435,86856727,2016-11-29 20:53:28
2015-06-11,34.1393,1747512,5118770,2016-11-29 20:53:28
2015-06-12,34.6750,1694756,4887548,2016-11-29 20:53:28
2015-06-13,34.8221,40771821,117085931,2016-11-29 20:53:28
2015-06-15,35.2174,65120547,184910311,2016-11-29 20:53:28
2015-06-16,36.9930,12265211,33155462,2016-11-29 20:53:28
2015-06-21,33.8801,59578677,175851647,2016-11-29 20:53:28
2015-06-22,35.7282,84769739,237263117,2016-11-29 20:53:28
2015-06-23,37.1782,37385452,100557467,2016-11-29 20:53:28
2015-06-24,35.8786,375235,1045847,2016-11-29 20:53:28
2015-06-25,37.7484,83892066,222240211,2016-11-29 20:53:28
2015-06-26,35.4538,4870925,13738808,2016-11-29 20:53:28
2015-06-27,33.4656,20599757,61554954,2016-11-29 20:53:28
2015-06-28,34.5661,1774790,5134477,2016-11-29 20:53:28
2015-06-29,36.4205,19344419,53114105,2016-11-29 20:53:28
2015-06-30,34.5520,1071349,3100687,2016-11-29 20:53:29
2015-07-01,38.2232,32367755,84680855,2016-11-29 20:53:29
2015-07-02,38.4407,35917403,93435768,2016-11-29 20:53:29
2015-07-03,34.5093,403647,1169677,2016-11-29 20:53:30
2015-07-04,33.9696,2601747,7659038,2016-11-29 20:53:30
2015-07-05,34.2361,1885876,5508445,2016-11-29 20:53:30
2015-07-06,34.8288,10505923,30164472,2016-11-29 20:53:30
2015-07-07,34.5912,3764028,10881466,2016-11-29 20:53:30
2015-07-08,35.9085,13976262,38921826,2016-11-29 20:53:30
2015-07-09,34.4251,3230455,9383997,2016-11-29 20:53:30
2015-07-10,37.3171,12792420,34280342,2016-11-29 20:53:30
2015-07-11,35.5998,9972366,28012392,2016-11-29 20:53:30
2015-07-12,34.1712,18725565,54799325,2016-11-29 20:53:30
2015-07-13,33.9601,5299137,15604009,2016-11-29 20:53:30
2015-07-16,37.7231,1360544,3606657,2016-11-29 20:53:31
2015-07-18,36.1761,522515,1444367,2016-11-29 20:53:31
2015-07-20,37.5781,72270320,192320356,2016-11-29 20:53:31
2015-07-21,34.8244,4841496,13902578,2016-11-29 20:53:31
2015-07-24,38.4511,84811036,220568534,2016-11-29 20:53:31
2015-07-25,37.2294,20789220,55840869,2016-11-29 20:53:31
2015-07-28,34.8808,6300850,18063945,2016-11-29 20:53:31
2015-07-29,34.4554,3965734,11509777,2016-11-29 20:53:31
2015-07-30,37.3147,18934632,50743119,2016-11-29 20:53:31
2015-07-31,40.4345,29041436,71823440,2016-11-29 20:53:31
2015-08-01,34.7841,4730270,13598957,2016-11-29 20:53:31
2015-08-02,35.6177,16745509,47014631,2016-11-29 20:53:31
2015-08-03,34.4208,4466653,12976612,2016-11-29 20:53:31
2015-08-04,39.2961,30474727,77551568,2016-11-29 20:53:31
2015-08-05,35.7875,2152431,6014476,2016-11-29 20:53:31
2015-08-06,39.7354,23340788,58740483,2016-11-29 20:53:31
2015-08-07,31.0535,3128857,10075691,2016-11-29 20:53:31
2015-08-08,36.8897,24432624,66231575,2016-11-29 20:53:32
2015-08-09,35.4238,3557859,10043692,2016-11-29 20:53:32
2015-08-10,36.2822,12977248,35767528,2016-11-29 20:53:32
2015-08-11,33.6565,4868554,14465421,2016-11-29 20:53:32
2015-08-12,37.5695,18802591,50047482,2016-11-29 20:53:32
2015-08-13,36.7525,15244657,41479195,2016-11-29 20:53:32
2015-08-14,36.5840,5112375,13974360,2016-11-29 20:53:32
2015-08-15,34.4696,1364635,3958956,2016-11-29 20:53:32
2015-08-16,36.4706,10421984,28576402,2016-11-29 20:53:32
2015-08-17,34.2447,980359,2862806,2016-11-29 20:53:32
2015-08-18,38.1833,3235888,8474605,2016-11-29 20:53:32
2015-08-20,36.5324,1075228,2943217,2016-11-29 20:53:32
2015-08-21,40.4073,17281407,42768079,2016-11-29 20:53:32
2015-08-22,33.2164,477155,1436506,2016-11-29 20:53:32
2015-08-23,36.8482,7258776,19699143,2016-11-29 20:53:32
2015-08-25,42.4801,2986073,7029353,2016-11-29 20:53:32
2015-08-28,37.6476,702848,1866915,2016-11-29 20:53:33
2015-08-29,41.1599,812643,1974354,2016-11-29 20:53:33
2015-08-30,40.4220,1273612,3150786,2016-11-29 20:53:33
2015-09-11,41.0966,723877,1761404,2016-11-29 20:53:33
2015-10-22,38.8030,55196241,142247497,2016-10-15 01:46:56
2015-10-24,36.8240,51193133,139021275,2016-10-15 01:43:15
2015-10-25,36.6522,51975883,141808486,2016-10-15 01:23:35
2015-10-26,38.1065,63480528,166587211,2016-10-15 01:32:07
2015-10-27,39.6612,65027067,163956262,2016-10-15 01:43:06
2015-10-29,40.8629,77970810,190810578,2016-10-15 01:20:02
2015-10-30,40.1518,75164046,187199704,2016-10-15 01:34:20
2015-10-31,38.1399,66305050,173846906,2016-10-15 01:41:32
2015-11-01,36.3960,63827271,175368729,2016-10-15 01:34:13
2015-11-02,39.2630,75460040,192191440,2016-10-15 01:33:59
2015-11-03,39.3624,79520161,202020509,2016-10-15 01:37:15
2015-11-04,40.4529,85432043,211188798,2016-10-15 01:32:32
2015-11-05,40.7245,92909739,228142397,2016-10-15 01:29:39
2015-11-06,40.5970,94197695,232031062,2016-10-15 01:43:02
2015-11-08,37.1842,78780392,211865066,2016-10-15 01:25:11
2015-11-09,40.0424,104027464,259793004,2016-10-15 01:40:28
2015-11-10,40.1733,91924553,228819838,2016-10-15 01:32:24
2015-11-11,40.1568,82111100,204476203,2016-10-15 01:32:30
2015-11-12,39.7489,83405071,209829916,2016-10-15 01:25:37
2015-11-13,39.6661,77851673,196267505,2016-10-15 01:25:30
2015-11-14,37.7104,64563957,171210073,2016-10-15 01:25:02
2015-11-15,36.2228,66291215,183009395,2016-10-15 01:30:18
2015-11-16,41.2912,84648113,205002747,2016-10-15 01:39:51
2015-11-17,40.1868,77231730,192181870,2016-10-15 01:27:45
2015-11-18,39.4475,75901708,192412163,2016-10-15 01:30:31
2015-11-19,39.0771,75686514,193685285,2016-10-15 01:26:28
2015-11-20,39.8968,75602996,189496505,2016-10-15 01:38:41
2015-11-21,37.2280,63068735,169412211,2016-10-15 01:39:25
2015-11-22,35.9914,61462272,170769442,2016-10-15 01:46:05
2015-11-23,38.4199,72687117,189191533,2016-10-15 01:18:30
2015-11-24,39.5517,73590725,186062048,2016-10-15 01:19:59
2015-11-26,38.4578,69633757,181065177,2016-10-15 01:41:22
2015-11-27,38.2200,70958832,185658870,2016-10-15 01:28:28
2015-11-28,37.4294,64194424,171508132,2016-10-15 01:42:23
2015-11-29,36.0785,62824861,174133663,2016-10-15 01:34:28
2015-11-30,39.4129,76491536,194077523,2016-10-15 01:18:23
2015-12-01,39.9382,77505895,194064496,2016-10-15 01:22:45
2015-12-02,39.8649,75609983,189665672,2016-10-15 01:42:17
2015-12-03,40.2792,74822922,185760490,2016-10-15 01:38:41
2015-12-04,40.0713,72516992,180969791,2016-10-15 01:48:50
2015-12-05,37.7730,62344257,165049993,2016-10-15 01:32:03
2015-12-06,36.8842,61870823,167743529,2016-10-15 01:33:58
2015-12-07,39.0637,73293236,187624848,2016-10-15 01:21:22
2015-12-08,40.1024,74941345,186874974,2016-10-15 01:22:14
2015-12-09,39.8446,75450773,189362410,2016-10-15 01:20:42
2015-12-10,40.6855,75379437,185273603,2016-10-15 01:21:57
2015-12-12,37.6734,64407847,170963624,2016-10-15 01:16:55
2015-12-13,36.6454,62705170,171113354,2016-10-15 01:19:56
2015-12-14,41.1213,80307012,195292933,2016-10-15 01:38:40
2015-12-15,40.6720,74830953,183986615,2016-10-15 01:19:26
2015-12-16,40.7486,81544312,200115754,2016-10-15 01:20:32
2015-12-17,40.5541,83864115,206795556,2016-10-15 01:42:11
2015-12-18,40.9789,88472526,215897562,2016-10-15 01:45:18
2015-12-19,39.3759,81726554,207554949,2016-10-15 01:23:52
2015-12-20,37.7390,75971141,201306595,2016-10-15 01:32:52
2015-12-21,40.7309,103815981,254882570,2016-10-15 01:39:46
2015-12-22,41.3334,87578934,211883999,2016-10-15 01:38:39
2015-12-23,40.6478,84336306,207480732,2016-10-15 01:44:24
2015-12-24,39.1854,77149973,196884358,2016-10-15 01:41:59
2015-12-25,38.4558,67766440,176219028,2016-10-15 01:37:30
2015-12-26,37.3084,70988891,190275712,2016-10-15 01:30:57
2015-12-27,37.7605,78168489,207011226,2016-10-15 01:47:05
2015-12-28,38.1715,94244119,246896684,2016-10-15 01:28:19
2015-12-29,40.2484,100113742,248739376,2016-10-15 01:19:49
2015-12-30,40.1970,97023098,241369251,2016-10-15 01:20:23
2015-12-31,38.4623,22474808,58433403,2016-10-15 01:21:09
2016-01-01,38.3032,70357689,183686380,2016-10-15 01:39:14
2016-01-02,38.4165,78280904,203769091,2016-10-15 01:38:09
2016-01-03,38.0934,82275129,215982466,2016-10-15 01:39:22
2016-01-04,40.5416,107302543,264672468,2016-10-15 01:30:15
2016-01-05,41.8810,107666913,257078252,2016-10-15 01:33:07
2016-01-06,41.8746,85650398,204540287,2016-10-15 01:32:49
2016-01-07,40.9277,96475051,235720591,2016-10-15 01:25:24
2016-01-08,40.7569,81712312,200487071,2016-10-15 01:26:19
2016-01-09,37.9030,65026489,171560239,2016-10-15 01:43:41
2016-01-10,38.6838,57446155,148501961,2016-10-15 01:34:09
2016-01-11,40.4414,73393914,181482100,2016-10-15 01:37:30
2016-01-12,41.0873,66436664,161696465,2016-10-15 01:44:16
2016-01-13,41.3990,65621731,158510497,2016-10-15 01:29:58
2016-01-14,41.4444,64987741,156807174,2016-10-15 01:39:45
2016-01-15,40.8950,61045971,149275027,2016-10-15 01:43:59
2016-01-16,39.7677,51765914,130170642,2016-10-15 01:45:21
2016-01-17,38.2637,49495247,129353035,2016-10-15 01:36:05
2016-01-18,40.8448,63216255,154771787,2016-10-15 01:27:33
2016-01-19,43.2352,66154720,153011077,2016-10-15 01:28:12
2016-01-20,41.9013,63766537,152182620,2016-10-15 01:42:50
2016-01-21,41.3799,61232463,147976492,2016-10-15 01:39:41
2016-01-22,40.3861,59125127,146399688,2016-10-15 01:23:49
2016-01-23,39.2027,50061387,127698838,2016-10-15 01:32:59
2016-01-24,38.3087,49102658,128176268,2016-10-15 01:35:56
2016-01-25,40.4312,61509258,152132996,2016-10-15 01:29:38
2016-01-27,38.8867,69779857,179444044,2016-10-15 01:26:16
2016-01-28,39.4502,77343215,196052763,2016-10-15 01:26:11
2016-01-29,40.0338,77139743,192686480,2016-10-15 01:36:21
2016-01-30,40.2478,67095909,166706895,2016-10-15 01:44:35
2016-01-31,40.0232,68170784,170327997,2016-10-15 01:27:38
2016-02-01,42.1519,79094941,187642685,2016-10-15 01:18:20
2016-02-02,42.7273,81768048,191371843,2016-10-15 01:35:27
2016-02-03,41.0113,79866866,194743756,2016-10-15 01:47:56
2016-02-04,39.0862,78557886,200986115,2016-10-15 01:25:19
2016-02-06,39.9363,63340520,158603761,2016-10-15 01:29:11
2016-02-07,39.1738,61488761,156963802,2016-10-15 01:49:32
2016-02-08,41.4646,74834601,180478404,2016-10-15 01:17:45
2016-02-09,44.0151,85900438,195161101,2016-10-15 01:27:21
2016-02-10,42.4310,87845599,207031807,2016-10-15 01:31:57
2016-02-11,41.5917,87162287,209566766,2016-10-15 01:17:36
2016-02-12,42.1650,87385034,207245298,2016-10-15 01:24:51
2016-02-13,40.2919,66857550,165933007,2016-10-15 01:35:19
2016-02-14,39.3522,62556474,158965658,2016-10-15 01:20:18
2016-02-15,41.8223,77364051,184982768,2016-10-15 01:29:50
2016-02-16,42.4598,70795684,166735694,2016-10-15 01:38:56
2016-02-17,41.5748,67921542,163372085,2016-10-15 01:29:46
2016-02-18,41.8759,63815472,152391932,2016-10-15 01:41:19
2016-02-19,41.6821,59135795,141873242,2016-10-15 01:29:33
2016-02-20,40.2687,50707881,125923893,2016-10-15 01:32:47
2016-02-21,38.9060,49950986,128388867,2016-10-15 01:27:25
2016-02-22,41.9443,62543890,149111717,2016-10-15 01:28:04
2016-02-23,42.1573,61432464,145722067,2016-10-15 01:19:20
2016-02-24,42.5930,63878068,149973282,2016-10-15 01:45:15
2016-02-25,42.6523,62178150,145778984,2016-10-15 01:39:10
2016-02-26,42.2784,59179351,139975424,2016-10-15 01:22:05
2016-02-27,40.7070,51352972,126152762,2016-10-15 01:38:04
2016-02-28,38.5104,50104856,130107328,2016-10-15 01:41:01
2016-02-29,42.2507,63893300,151224248,2016-10-15 01:35:15
2016-03-02,43.6984,66475389,152123083,2016-10-15 01:17:53
2016-03-03,44.6310,66677054,149396332,2016-10-15 01:32:24
2016-03-05,41.2030,51300307,124506364,2016-10-15 01:40:54
2016-03-06,40.8839,50524501,123580547,2016-10-15 01:29:43
2016-03-07,42.2620,60980132,144290786,2016-10-15 01:18:58
2016-03-08,42.8046,62184405,145275030,2016-10-15 01:45:42
2016-03-09,40.5642,65444854,161336415,2016-10-15 01:40:47
2016-03-10,43.4942,69560418,159930506,2016-10-15 01:48:25
2016-03-11,42.6965,69458052,162678537,2016-10-15 01:19:13
2016-03-12,40.5308,56146832,138528859,2016-10-15 01:18:50
2016-03-13,39.3282,56726180,144238098,2016-10-15 01:36:44
2016-03-14,43.0530,72374727,168106140,2016-10-15 01:23:30
2016-03-15,42.9286,72117653,167994451,2016-10-15 01:32:36
2016-03-16,43.1811,72046740,166847946,2016-10-15 01:41:07
2016-03-17,43.5819,72137821,165522325,2016-10-15 01:45:41
2016-03-18,42.6375,69869148,163867870,2016-10-15 01:48:40
2016-03-19,40.6781,64065002,157492423,2016-10-15 01:31:35
2016-03-21,41.9908,81141788,193236839,2016-10-15 01:34:25
2016-03-23,42.9382,68536671,159616935,2016-10-15 01:39:43
2016-03-25,41.8651,57038903,136244530,2016-10-15 01:23:24
2016-03-26,40.7325,48360234,118726512,2016-10-15 01:37:30
2016-03-27,40.3376,47747597,118369823,2016-10-15 01:34:59
2016-03-28,41.4887,59050713,142329651,2016-10-15 01:34:50
2016-03-29,44.3083,65891624,148711841,2016-10-15 01:38:50
2016-03-30,43.4384,71966277,165674475,2016-10-15 01:27:12
2016-03-31,43.2467,64360540,148821755,2016-10-15 01:30:10
2016-04-01,43.8450,61956321,141307483,2016-10-15 01:47:51
2016-04-03,40.3555,50236523,124484831,2016-10-15 01:22:35
2016-04-04,42.6269,62801865,147329142,2016-10-15 01:42:41
2016-04-05,44.5334,51508777,115663249,2016-10-15 01:46:03
2016-04-06,43.7489,45438645,103862287,2016-10-15 01:19:06
2016-04-07,43.3483,91469804,211011246,2016-10-15 01:18:43
2016-04-08,43.1085,87545392,203081731,2016-10-15 01:26:05
2016-04-09,41.1730,78699892,191144313,2016-10-15 01:32:21
2016-04-10,40.5953,77103099,189931138,2016-10-15 01:37:09
2016-04-11,43.5553,104607778,240172101,2016-10-15 01:47:01
2016-04-12,44.5437,110339116,247709675,2016-10-15 01:33:40
2016-04-13,45.7124,112256517,245571115,2016-10-15 01:40:25
2016-04-14,44.0750,104580165,237277718,2016-10-15 01:45:57
2016-04-15,44.2243,96149431,217412995,2016-10-15 01:27:00
2016-04-16,41.8255,73583168,175929087,2016-10-15 01:42:35
2016-04-18,43.8546,102382534,233459267,2016-10-15 01:21:02
2016-04-19,44.7982,102241052,228225672,2016-10-15 01:28:57
2016-04-20,45.1579,102983527,228052088,2016-10-15 01:44:13
2016-04-21,44.9033,98200205,218692476,2016-10-15 01:30:47
2016-04-22,44.6784,99147822,221914196,2016-10-15 01:33:29
2016-04-23,42.2368,74944810,177439663,2016-10-15 01:43:54
2016-04-24,40.5399,73839452,182139981,2016-10-15 01:31:25
2016-04-25,44.6048,104082205,233342994,2016-10-15 01:24:43
2016-04-26,44.7006,105855432,236809983,2016-10-15 01:40:02
2016-04-27,44.5847,103568442,232296115,2016-10-15 01:44:06
2016-04-29,44.5032,97658171,219440810,2016-10-15 01:49:31
2016-05-01,42.0547,72375714,172099006,2016-10-15 01:39:58
2016-05-04,44.7719,99771505,222843799,2016-10-15 01:17:22
2016-05-05,44.6368,92121779,206380892,2016-10-15 01:45:48
2016-05-11,46.1189,111442201,241641269,2016-10-15 01:27:58
2016-05-12,45.0968,102036859,226262047,2016-10-15 01:37:30
2016-05-13,45.0915,96795838,214665372,2016-10-15 01:36:17
2016-05-14,42.5373,75081827,176508027,2016-10-15 01:47:36
2016-05-15,41.5361,77037410,185470781,2016-10-15 01:17:15
2016-05-16,43.8813,100984421,230131028,2016-10-15 01:36:35
2016-05-17,44.9283,105656996,235167956,2016-10-15 01:19:45
2016-05-18,45.1525,102924452,227948552,2016-10-15 01:29:05
2016-05-19,45.2620,101862435,225050682,2016-10-15 01:29:03
2016-05-20,44.8023,96163782,214640223,2016-10-15 01:45:39
2016-05-21,42.6186,72799794,170816833,2016-10-15 01:35:08
2016-05-22,42.0050,72339130,172215380,2016-10-15 01:46:31
2016-05-23,44.7900,102125785,228010211,2016-10-15 01:48:32
2016-05-24,45.2271,105067130,232309949,2016-10-15 01:33:17
2016-05-25,46.7200,105990219,226862598,2016-10-15 01:47:32
2016-05-26,45.6294,97990321,214752617,2016-10-15 01:41:52
2016-05-27,44.9525,94071682,209269105,2016-10-15 01:43:31
2016-05-28,42.4925,72474594,170558701,2016-10-15 01:21:47
2016-05-29,41.9565,72599093,173034166,2016-10-15 01:35:50
2016-05-30,43.6247,97491985,223478986,2016-10-15 01:20:12
2016-05-31,46.8716,110407105,235552454,2016-10-15 01:49:15
2016-06-01,45.3738,105336431,232152436,2016-10-15 01:22:29
2016-06-02,45.5371,101820597,223599428,2016-10-15 01:31:17
2016-06-03,45.8440,99983281,218094799,2016-10-15 01:39:52
2016-06-04,42.8440,73855052,172381477,2016-10-15 01:37:55
2016-06-06,44.9259,100994188,224801573,2016-10-15 01:23:46
2016-06-07,45.5232,103282452,226878527,2016-10-15 01:47:26
2016-06-08,45.6334,101793643,223068214,2016-10-15 01:19:39
2016-06-09,45.4462,97927750,215480575,2016-10-15 01:45:35
2016-06-10,45.9873,100345661,218203100,2016-10-15 01:21:40
2016-06-11,43.8098,76753818,175198020,2016-10-15 01:20:54
2016-06-12,42.7618,76504091,178907453,2016-10-15 01:29:26
2016-06-13,45.2093,103959462,229951655,2016-10-15 01:20:51
2016-06-14,45.7459,104351622,228111309,2016-10-15 01:35:46
2016-06-15,45.5158,103742179,227925879,2016-10-15 01:46:50
2016-06-16,46.5076,103632772,222829795,2016-10-15 01:24:17
2016-06-17,47.1233,101916110,216275535,2016-10-15 01:39:38
2016-06-18,44.0122,76279943,173315403,2016-10-15 01:24:08
2016-06-19,42.3350,72046245,170181364,2016-10-15 01:37:01
2016-06-20,45.0210,99141842,220212389,2016-10-15 01:33:44
2016-06-21,45.2023,100863986,223138934,2016-10-15 01:18:37
2016-06-22,46.6633,102788557,220277125,2016-10-15 01:35:41
2016-06-23,46.0237,97518364,211887281,2016-10-15 01:19:36
2016-06-24,45.2758,94560948,208855456,2016-10-15 01:17:02
2016-06-27,45.3559,100522190,221629937,2016-10-15 01:26:49
2016-06-28,45.9016,102072683,222372920,2016-10-15 01:38:42
2016-06-29,45.9451,99631925,216850161,2016-10-15 01:47:18
2016-06-30,46.0077,100809402,219113996,2016-10-15 01:48:15
2016-07-01,45.9311,95061359,206965283,2016-10-15 01:29:00
2016-07-02,43.0532,72333547,168009603,2016-10-15 01:45:26
2016-07-03,43.1118,71156978,165052065,2016-10-15 01:45:41
2016-07-04,44.8138,83421203,186150655,2016-10-15 01:41:46
2016-07-05,44.9968,77063178,171263723,2016-10-15 01:41:46
2016-07-06,43.6979,70432635,161180928,2016-10-15 01:20:06
2016-07-07,45.5946,55895331,122591872,2016-10-15 01:17:34
2016-07-08,45.7108,58540376,128066958,2016-10-15 01:23:41
2016-07-09,43.4562,70550929,162349427,2016-10-15 01:40:22
2016-07-10,42.3517,70783847,167133308,2016-10-15 01:40:15
2016-07-11,45.9371,98441187,214295661,2016-10-15 01:23:59
2016-07-13,46.4155,88989300,191723294,2016-10-15 01:44:27
2016-07-14,46.4729,81457005,175278689,2016-10-15 01:36:12
2016-07-15,46.2661,92302578,199503504,2016-10-15 01:36:50
2016-07-16,43.8537,70984670,161867055,2016-10-15 01:37:45
2016-07-17,43.2312,68890753,159354260,2016-10-15 01:25:59
2016-07-18,45.5483,97195993,213391057,2016-10-15 23:23:24
2016-07-19,45.6551,95442487,209051202,2016-10-16 23:55:23
2016-07-20,46.2208,95854183,207383422,2016-10-17 15:00:49
2016-07-21,46.0724,93737231,203456512,2016-10-18 02:29:04
2016-07-22,45.1521,90036903,199407907,2016-10-19 13:07:26
2016-07-23,43.9273,70316446,160074524,2016-10-20 16:13:57
2016-07-24,42.8528,67786934,158185410,2016-10-21 16:15:07
2016-07-25,45.5485,94031781,206443040,2016-10-21 16:15:07
2016-07-26,46.2513,98019271,211927474,2016-10-21 16:15:07
2016-07-27,45.8650,96470677,210336049,2016-10-24 10:32:27
2016-07-28,47.0387,97617257,207525587,2016-10-25 13:10:12
2016-07-29,46.5679,90585466,194523452,2016-10-26 14:58:07
2016-07-30,44.2761,69674124,157362955,2016-10-27 14:22:58
2016-07-31,43.6158,69038941,158288836,2016-10-28 15:57:28
2016-08-01,45.8198,94998334,207330444,2016-10-28 15:57:35
2016-08-02,47.4448,99769614,210285813,2016-10-28 15:57:27
2016-08-03,47.3413,89570465,189201384,2016-10-28 15:57:32
2016-08-04,46.1964,90664732,196259382,2016-11-01 23:03:29
2016-08-05,46.4881,87957532,189204359,2016-11-02 06:56:13
2016-08-06,41.3337,978125,2366412,2016-11-03 05:11:57
2016-08-07,40.6559,1071865,2636430,2016-11-03 05:12:21
2016-08-11,46.3709,89690818,193420404,2016-11-08 22:54:49
2016-08-12,45.8067,84813728,185155683,2016-11-09 14:29:22
2016-08-13,44.0835,64723824,146820875,2016-11-09 14:29:22
2016-08-14,43.7648,63927916,146071593,2016-11-11 15:06:51
2016-08-15,46.1042,83713690,181574996,2016-11-12 15:38:00
2016-08-16,47.3787,56825398,119938757,2016-11-13 16:42:46
2016-08-17,45.5218,88210173,193775530,2016-11-14 17:04:13
2016-08-18,46.9021,90955678,193926825,2016-11-15 16:37:15
2016-08-19,47.1652,51559567,109316905,2016-11-16 14:42:54
2016-08-20,44.7234,37780730,84476374,2016-11-17 14:36:47
2016-08-21,43.3186,66326436,153113106,2016-11-18 14:34:54
2016-08-22,46.6734,55579145,119080948,2016-11-19 14:36:56
2016-08-23,46.9809,55822064,118818567,2016-11-20 14:37:17
2016-08-24,46.8126,95346711,203677587,2016-11-21 21:17:10
2016-08-25,46.1881,50556905,109458683,2016-11-22 14:44:53
2016-08-26,46.6479,86661542,185778130,2016-11-23 14:47:38
2016-08-27,44.7393,24209535,54112442,2016-11-24 14:42:49
2016-08-28,44.7423,22421884,50113359,2016-11-24 14:42:49
2016-08-29,48.2648,33325730,69047745,2016-11-26 14:42:35
2016-08-30,48.1876,31314389,64984326,2016-11-27 14:41:11
2016-08-31,47.6328,94289624,197951206,2016-11-28 14:42:16
2016-09-01,47.3913,94851425,200145182,2016-11-28 14:42:16
2016-09-02,18.9431,6288752,33198093,2016-11-30 14:48:51
2016-09-03,45.4632,69382210,152611921,2016-12-01 14:45:46
2016-09-04,44.7323,4418910,9878559,2016-12-02 14:49:39
2016-09-05,46.7112,21240286,45471492,2016-12-03 14:51:10
2016-09-06,48.6710,21017714,43183215,2016-12-04 14:50:57
2016-09-07,47.0121,93717488,199347406,2016-12-05 14:50:52
2016-09-08,48.7531,18060401,37044594,2016-12-06 14:52:16
2016-09-09,47.4177,90392724,190630728,2016-12-07 15:10:21
2016-09-10,45.0599,68051620,151024657,2016-12-08 14:55:52
2016-09-11,42.8851,66848604,155878318,2016-12-09 14:56:48
2016-09-12,47.5872,93726837,196957966,2016-12-10 15:04:20
2016-09-13,47.7376,94322538,197585368,2016-12-11 15:11:59
2016-09-14,46.3557,96186212,207496168,2016-12-12 15:20:31
2016-09-15,47.9996,93996152,195826908,2016-12-13 15:18:50
2016-09-16,46.5751,12944963,27793729,2016-12-14 15:21:08
2016-09-17,45.2055,68367149,151236382,2016-12-15 15:19:38
2016-09-18,45.1747,71525613,158331017,2016-12-16 15:17:47
2016-09-19,45.7805,13967923,30510647,2016-12-17 15:21:34
2016-09-20,48.1012,13490707,28046525,2016-12-18 15:22:29
2016-09-21,47.3421,97411178,205760268,2016-12-19 15:21:13
2016-09-22,45.9740,12675191,27570365,2016-12-20 15:22:08
2016-09-23,46.4009,11819724,25473032,2016-12-21 15:24:24
2016-09-24,44.9500,68130697,151569998,2016-12-22 15:26:25
2016-09-25,44.9138,69279224,154249185,2016-12-23 15:22:14
2016-09-26,45.3814,12523077,27595154,2016-12-24 15:25:24
2016-09-27,49.5346,36884925,74462912,2016-12-25 15:24:20
2016-09-28,48.0353,93466248,194578254,2016-12-26 15:23:53
2016-09-29,48.0939,79704709,165727269,2016-12-27 15:24:39
2016-09-30,48.5677,92153715,189742912,2016-12-28 15:23:23
2016-10-01,47.8042,74462444,155765405,2016-12-29 15:24:14
2016-10-02,46.2006,8562713,18533773,2016-12-30 15:24:52
2016-10-03,48.0611,97387586,202632879,2016-12-31 15:24:42
2016-10-04,49.9484,100553143,201313983,2017-01-01 15:27:54
2016-10-05,49.6043,97677343,196912953,2017-01-02 15:28:01
2016-10-06,47.1646,99099329,210113891,2017-01-03 15:26:37
2016-10-07,48.7096,93570373,192098323,2017-01-04 15:29:30
2016-10-08,47.7624,68839015,144128010,2017-01-05 15:30:14
2016-10-09,46.0304,71115403,154496728,2017-01-06 15:31:29
2016-10-10,48.2722,90008380,186459935,2017-01-07 15:30:41
2016-10-11,49.4916,93144367,188202391,2017-01-08 15:29:16
2016-10-12,49.5351,98799481,199453473,2017-01-09 15:33:55
2016-10-13,50.3387,103327918,205265379,2017-01-10 15:35:55
2016-10-14,49.1712,90398609,183844631,2017-01-11 15:33:50
2016-10-15,48.0537,73919009,153825977,2017-01-12 15:36:57
2016-10-16,46.6736,72380506,155077959,2017-01-13 15:36:04
2016-10-17,49.5761,101992425,205728982,2017-01-14 15:39:05
2016-10-18,49.9969,102376844,204766234,2017-01-15 15:32:09
2016-10-19,49.7593,101244044,203467736,2017-01-16 15:32:52
2016-10-20,49.6056,99156782,199890137,2017-01-17 15:30:49
2016-10-21,48.8390,96183679,196940280,2017-01-18 15:29:04
2016-10-22,47.4980,69355545,146017824,2017-01-19 15:26:44
2016-10-23,46.2086,73895425,159917075,2017-01-20 15:27:02
2016-10-24,48.4096,103071275,212914756,2017-01-21 15:27:42
2016-10-25,48.9521,103398474,211223697,2017-01-22 15:27:59
2016-10-26,49.4124,97862169,198051942,2017-01-23 15:33:03
2016-10-27,50.0535,101620812,203024203,2017-01-24 15:28:51
2016-10-28,48.9498,95332721,194755946,2017-01-25 15:29:41
2016-10-29,46.8282,73282128,156491341,2017-01-26 15:38:37
2016-10-30,48.3718,79220311,163773770,2017-01-27 15:29:06
2016-10-31,47.4794,95761324,201690174,2017-01-28 15:30:44
2016-11-01,49.2086,95472469,194015929,2017-01-29 15:31:24
